q,r0_gap_g,r0_count,r0_mean_omega,neighbor_gaps,neighbor_mean_omega_unweighted,neighbor_mean_omega_countweighted,excess_vs_neighbor_unweighted,excess_vs_neighbor_countweighted
3,6,7525638.0,0.0806500910927033,"4,8",0.082156991920673,0.07475689580803616,-0.0015069008279696983,0.005893195284667141
3,12,5961465.0,0.2901153654915738,"10,14",0.2661586800819663,0.25462845977188586,0.023956685409607492,0.03548690571968793
3,18,4812993.0,0.4828148223185856,"16,20",0.5168335020550555,0.5200968623045198,-0.03401867973646994,-0.03728203998593421
3,24,3709798.0,0.714654490779292,"22,26",0.7023095967915483,0.6887771045260217,0.012344893987743744,0.025877386253270296
3,30,3760508.0,0.956860342925816,"28,32",0.9438527724206605,0.9134155973346217,0.013007570505155552,0.04344474559119427
3,36,2202740.0,1.1745248372558517,"34,38",1.169040219341751,1.160389088017958,0.005484617914100598,0.014135749237893735
3,42,1986354.0,1.4260635625593472,"40,44",1.4019400115652942,1.3791037335556402,0.024123550994052945,0.04695982900370699
3,48,1304678.0,1.6330738788610704,"46,50",1.653611714270692,1.6554479106464899,-0.02053783540962173,-0.022374031785419524
3,54,1009287.0,1.857134882282976,"52,56",1.8733403259204877,1.869647897593864,-0.01620544363751164,-0.012513015310887887
3,60,1014907.0,2.104260480004093,"58,62",2.101353423242141,2.0766857477208176,0.0029070567619520205,0.02757473228327534
3,66,647724.0,2.336687572610328,"64,68",2.327064397165421,2.315285188913441,0.009623175444906984,0.02140238369688685
3,72,423596.0,2.610423210639077,"70,74",2.5575972714482047,2.5322502086843572,0.052825939190872084,0.07817300195471955
3,78,377701.0,2.7879235565082614,"76,80",2.821102991742432,2.8225633068595704,-0.03317943523417055,-0.03463975035130895
3,84,309979.0,3.04017888148537,"82,86",3.053253164610597,3.042399328575285,-0.013074283125226849,-0.0022204470899147566
3,90,254546.0,3.29861936056565,"88,92",3.291775625369535,3.2751010589758334,0.0068437351961150306,0.023518301589816826
3,96,148540.0,3.513892053136364,"94,98",3.5250537945818583,3.5241326405989946,-0.011161741445494311,-0.010240587462630568
3,102,117533.0,3.767145990401168,"100,104",3.7441909397316087,3.7237595300490587,0.022955050669559274,0.043386460352109246
3,108,87687.0,3.961495947524333,"106,110",3.992612231321827,3.999156258712812,-0.03111628379749387,-0.037660311188479234
3,114,68952.0,4.218621207919034,"112,116",4.213079915844219,4.195654186387052,0.0055412920748150185,0.022967021531981935
3,120,66630.0,4.445346608715415,"118,122",4.436934558837089,4.417690379289924,0.008412049878325334,0.02765622942549051
3,126,44903.0,4.690443924769228,"124,128",4.678517873241437,4.660175256664662,0.011926051527790804,0.030268668104565855
3,132,30264.0,4.957409720347906,"130,134",4.923234676263092,4.898635924171525,0.03417504408481431,0.05877379617638123
3,138,22980.0,5.140184524751788,"136,140",5.1879941604173245,5.196339071471141,-0.0478096356655362,-0.056154546719352716
3,144,15898.0,5.401947713310001,"142,146",5.417879123197585,5.405489286016114,-0.01593140988758357,-0.0035415727061129942
3,150,16463.0,5.622487882081954,"148,152",5.617597771609816,5.595482510409235,0.004890110472137721,0.027005371672718326
3,156,9866.0,5.885034434268861,"154,158",5.865479361817339,5.844226245666389,0.01955507245152166,0.040808188602471596
3,162,6811.0,6.117328940073467,"160,164",6.088660219728649,6.0753946369157985,0.028668720344818155,0.04193430315766822
3,168,6527.0,6.3128934488539015,"166,170",6.349439343588347,6.354276119201786,-0.036545894734445916,-0.04138267034788434
3,174,4230.0,6.575105095687491,"172,176",6.59145777735695,6.585519660508557,-0.016352681669459024,-0.010414564821066286
3,180,4162.0,6.807073715792341,"178,182",6.81855476469421,6.814389375810929,-0.011481048901869073,-0.00731566001858841
3,186,2401.0,7.056464758829179,"184,188",7.05610895280447,7.037594274167161,0.0003558060247090822,0.018870484662017795
3,192,1733.0,7.298662643124398,"190,194",7.261011851287515,7.2312706338588,0.03765079183688336,0.06739200926559796
3,198,1504.0,7.502002488335864,"196,200",7.525423965262888,7.522714792678629,-0.02342147692702401,-0.02071230434276483
3,204,1094.0,7.73900002071957,"202,206",7.741452014963537,7.731076343248163,-0.002451994243966915,0.007923677471406876
3,210,1210.0,8.008243016760149,"208,212",8.00307190204149,7.9605800088457865,0.005171114718658387,0.04766300791436251
3,216,505.0,8.249183984033952,"214,218",8.252261595779897,8.247951631027302,-0.003077611745945674,0.0012323530066495891
3,222,415.0,8.486438362943524,"220,224",8.452909878730221,8.438069528730281,0.03352848421330279,0.04836883421324245
3,228,324.0,8.69971740529428,"226,230",8.731180768755676,8.742500375628035,-0.031463363461396554,-0.04278297033375544
3,234,251.0,8.950283020191064,"232,236",8.93957274690123,8.932538210675208,0.010710273289832983,0.017744809515855664
3,240,215.0,9.19986694525225,"238,242",9.190026439275268,9.162947130759902,0.009840505976981717,0.03691981449234838
3,246,145.0,9.414426901471238,"244,248",9.41928271103517,9.415414528807409,-0.004855809563931501,-0.0009876273361708598
3,252,112.0,9.669742709728997,"250,254",9.639425224898332,9.618320758161328,0.030317484830664654,0.0514219515676686
3,258,77.0,9.875344765037411,"256,260",9.898628909959099,9.910113118106734,-0.0232841449216874,-0.0347683530693228
3,264,76.0,10.115484114142776,"262,266",10.13758368308999,10.139447441761034,-0.022099568947213655,-0.023963327618258035
3,270,63.0,10.369165056816833,"268,272",10.390964197567824,10.35633081047334,-0.021799140750990986,0.01283424634349295
3,276,29.0,10.579616305273156,"274,278",10.593385190700937,10.593385190700937,-0.013768885427781541,-0.013768885427781541
3,282,30.0,10.860129870021003,"280,284",10.805966289779175,10.768392767210798,0.05416358024182877,0.09173710281020497
3,288,23.0,11.048906227593443,"286,290",11.07853113354909,11.074854731384411,-0.029624905955646597,-0.025948503790967692
3,294,18.0,11.307935981630816,"292,296",11.303636703077158,11.335057629510805,0.00429927855365797,-0.02712164787998894
3,300,16.0,11.547151340753114,"298,302",11.562640110884079,11.52243080360789,-0.015488770130964724,0.024720537145224597
3,306,4.0,11.758771167072643,"304,308",11.809018729213115,11.762933042798991,-0.05024756214047166,-0.004161875726348185
3,312,11.0,12.050000469574089,"310,314",12.0164842152105,12.00387281456489,0.033516254363588516,0.04612765500919913
3,318,5.0,12.20559297939054,"316,320",12.28435357736089,12.327821404672163,-0.07876059797034962,-0.12222842528162303
3,324,2.0,12.47594629950927,"322,326",12.467660613868345,12.467660613868345,0.008285685640924356,0.008285685640924356
3,330,2.0,12.688649243508747,328,12.565750126194358,12.565750126194358,0.12289911731438963,0.12289911731438963
3,336,1.0,12.992889371841638,"334,338",12.979457747404421,12.923572851489585,0.013431624437217238,0.0693165203520536
3,342,3.0,13.24195318809941,"340,344",13.215829529481512,13.215829529481512,0.026123658617898116,0.026123658617898116
3,348,1.0,13.42760858517779,"346,350",13.495350307059113,13.475336892765867,-0.06774172188132255,-0.047728307588077
5,10,4470125.0,0.1847756663021587,"8,12",0.2272146746664599,0.24413660796189124,-0.0424390083643012,-0.05936094165973255
5,20,2760587.0,0.6161823769796403,"18,22",0.5394555962538429,0.5200296686070094,0.07672678072579742,0.0961527083726309
5,30,3760508.0,0.956860342925816,"28,32",0.9438527724206605,0.9134155973346217,0.013007570505155552,0.04344474559119427
5,40,1282787.0,1.2941262946629872,"38,42",1.3404280135994315,1.3662671528336456,-0.0463017189364443,-0.0721408581706584
5,50,768679.0,1.7413512997030984,"48,52",1.7121845619329403,1.6825233029255755,0.029166737770158102,0.05882799677752293
5,60,1014907.0,2.104260480004093,"58,62",2.101353423242141,2.0766857477208176,0.0029070567619520205,0.02757473228327534
5,70,396665.0,2.474477352339109,"68,72",2.527079098364951,2.5447770038923245,-0.05260174602584211,-0.07029965155321571
5,80,200825.0,2.905205851942365,"78,82",2.871115649289883,2.834196824754198,0.034090202652482304,0.07100902718816693
5,90,254546.0,3.29861936056565,"88,92",3.291775625369535,3.2751010589758334,0.0068437351961150306,0.023518301589816826
5,100,84574.0,3.646106159942829,"98,102",3.6856847358785365,3.7009041735412658,-0.03957857593570768,-0.054798013598436945
5,110,55701.0,4.099870536027404,"108,112",4.038734547640384,4.0129284153272025,0.0611359883870195,0.08694212070020146
5,120,66630.0,4.445346608715415,"118,122",4.436934558837089,4.417690379289924,0.008412049878325334,0.02765622942549051
5,130,22892.0,4.835165434581119,"128,132",4.878019782819367,4.901318468834527,-0.042854348238248186,-0.06615303425340802
5,140,15012.0,5.275387732160521,"138,142",5.228497577701656,5.190656968888114,0.046890154458864686,0.08473076327240658
5,150,16463.0,5.622487882081954,"148,152",5.617597771609816,5.595482510409235,0.004890110472137721,0.027005371672718326
5,160,5128.0,6.023509769499084,"158,162",6.035621776495413,6.0548134418775845,-0.012112006996328972,-0.031303672378500735
5,170,3328.0,6.454854549081229,"168,172",6.410718024740815,6.362832649278143,0.04413652434041371,0.09202189980308528
5,180,4162.0,6.807073715792341,"178,182",6.81855476469421,6.814389375810929,-0.011481048901869073,-0.00731566001858841
5,190,1422.0,7.1536638914597255,"188,192",7.239627791148095,7.2562081634696,-0.0859638996883696,-0.10254427200987415
5,200,794.0,7.623736828153897,"198,202",7.570604403149191,7.5391798711576286,0.05313242500470583,0.08455695699626808
5,210,1210.0,8.008243016760149,"208,212",8.00307190204149,7.9605800088457865,0.005171114718658387,0.04766300791436251
5,220,333.0,8.377074328730526,"218,222",8.407792084332444,8.42570854425272,-0.03071775560191803,-0.04863421552219371
5,230,203.0,8.824310261660083,"228,232",8.768205029944959,8.737850826591984,0.05610523171512405,0.0864594350680985
5,240,215.0,9.19986694525225,"238,242",9.190026439275268,9.162947130759902,0.009840505976981717,0.03691981449234838
5,250,79.0,9.537029478878052,"248,252",9.583194532659679,9.611361099161527,-0.0461650537816265,-0.07433162028347517
5,260,58.0,9.975955911486516,"258,262",9.953347101938991,9.916946011384919,0.02260880954752409,0.05900990010159646
5,270,63.0,10.369165056816833,"268,272",10.390964197567824,10.35633081047334,-0.021799140750990986,0.01283424634349295
5,280,20.0,10.70690882118982,"278,282",10.792475160600649,10.813065724337278,-0.08556633941082836,-0.10615690314745763
5,290,11.0,11.163088383336676,"288,292",11.118666433540284,11.06957591824436,0.04442194979639247,0.09351246509231714
5,300,16.0,11.547151340753114,"298,302",11.562640110884079,11.52243080360789,-0.015488770130964724,0.024720537145224597
5,310,5.0,11.902981609399996,"308,312",11.987116707411253,12.023050285790017,-0.08413509801125763,-0.12006867639002117
5,320,3.0,12.371289231983434,"318,322",12.291595356122865,12.234260438301314,0.07969387586056875,0.13702879368211995
5,330,2.0,12.688649243508747,328,12.565750126194358,12.565750126194358,0.12289911731438963,0.12289911731438963
5,340,1.0,13.127983778130522,"338,342",13.16659036366675,13.20427177588308,-0.0386065855362272,-0.07628799775255857
5,350,1.0,13.555390549938846,348,13.42760858517779,13.42760858517779,0.12778196476105563,0.12778196476105563
7,14,3360670.0,0.3475416938617739,"12,16",0.3537999963110222,0.3286399910118651,-0.006258302449248299,0.01890170284990883
7,28,1991203.0,0.8136601288903885,"26,30",0.8826915831599063,0.9084375877062426,-0.06903145426951773,-0.09477745881585409
7,42,1986354.0,1.4260635625593472,"40,44",1.4019400115652942,1.3791037335556402,0.024123550994052945,0.04695982900370699
7,56,542039.0,1.955385406836165,"54,58",1.9061914248455833,1.8882431142334648,0.04919398199058156,0.0671422926027001
7,70,396665.0,2.474477352339109,"68,72",2.527079098364951,2.5447770038923245,-0.05260174602584211,-0.07029965155321571
7,84,309979.0,3.04017888148537,"82,86",3.053253164610597,3.042399328575285,-0.013074283125226849,-0.0022204470899147566
7,98,80529.0,3.604223481355905,"96,100",3.5799991065395966,3.5618594676590867,0.024224374816308458,0.042364013696818414
7,112,43767.0,4.115973147756436,"110,114",4.159245871973219,4.165557654093328,-0.04327272421678341,-0.04958450633689182
7,126,44903.0,4.690443924769228,"124,128",4.678517873241437,4.660175256664662,0.011926051527790804,0.030268668104565855
7,140,15012.0,5.275387732160521,"138,142",5.228497577701656,5.190656968888114,0.046890154458864686,0.08473076327240658
7,154,6890.0,5.777044110717319,"152,156",5.826784574061545,5.842569254376661,-0.049740463344225994,-0.06552514365934226
7,168,6527.0,6.3128934488539015,"166,170",6.349439343588347,6.354276119201786,-0.036545894734445916,-0.04138267034788434
7,182,1661.0,6.966859964726044,"180,184",6.869349341114745,6.83694326686022,0.09751062361129925,0.12991669786582438
7,196,839.0,7.427111102371881,"194,198",7.435181149725584,7.455409870249008,-0.008070047353703202,-0.028298767877127595
7,210,1210.0,8.008243016760149,"208,212",8.00307190204149,7.9605800088457865,0.005171114718658387,0.04766300791436251
7,224,224.0,8.528745428729916,"222,226",8.562244819397396,8.528435668086958,-0.033499390667479645,0.00030976064295806793
7,238,132.0,9.074126998829502,"236,240",9.121159892229537,9.146909730564127,-0.04703289340003458,-0.07278273173462502
7,252,112.0,9.669742709728997,"250,254",9.639425224898332,9.618320758161328,0.030317484830664654,0.0514219515676686
7,266,29.0,10.243817927339409,"264,268",10.177030704247436,10.14775125846949,0.06678722309197305,0.0960666688699181
7,280,20.0,10.70690882118982,"278,282",10.792475160600649,10.813065724337278,-0.08556633941082836,-0.10615690314745763
7,294,18.0,11.307935981630816,"292,296",11.303636703077158,11.335057629510805,0.00429927855365797,-0.02712164787998894
7,308,3.0,11.924232945248418,"306,310",11.83087638823632,11.838888079476728,0.09335655701209866,0.08534486577168998
7,322,1.0,12.37759773285519,"320,324",12.423617765746352,12.413152058993768,-0.04602003289116219,-0.035554326138578674
7,336,1.0,12.992889371841638,"334,338",12.979457747404421,12.923572851489585,0.013431624437217238,0.0693165203520536
7,350,1.0,13.555390549938846,348,13.42760858517779,13.42760858517779,0.12778196476105563,0.12778196476105563
11,22,2354707.0,0.5960963701891001,"20,24",0.6654184338794662,0.6726414054346272,-0.06932206369036609,-0.07654503524552714
11,44,834351.0,1.5097537284676013,"42,46",1.4959678456988164,1.4639050396193618,0.013785882768784896,0.04584868884823945
11,66,647724.0,2.336687572610328,"64,68",2.327064397165421,2.315285188913441,0.009623175444906984,0.02140238369688685
11,88,121996.0,3.18285715590684,"86,90",3.2254089738576694,3.252580828988093,-0.042551817950829296,-0.06972367308125271
11,110,55701.0,4.099870536027404,"108,112",4.038734547640384,4.0129284153272025,0.0611359883870195,0.08694212070020146
11,132,30264.0,4.957409720347906,"130,134",4.923234676263092,4.898635924171525,0.03417504408481431,0.05877379617638123
11,154,6890.0,5.777044110717319,"152,156",5.826784574061545,5.842569254376661,-0.049740463344225994,-0.06552514365934226
11,176,1938.0,6.674372954086171,"174,178",6.622677330174933,6.603027065286434,0.05169562391123783,0.07134588879973691
11,198,1504.0,7.502002488335864,"196,200",7.525423965262888,7.522714792678629,-0.02342147692702401,-0.02071230434276483
11,220,333.0,8.377074328730526,"218,222",8.407792084332444,8.42570854425272,-0.03071775560191803,-0.04863421552219371
11,242,82.0,9.305925879721032,"240,244",9.270893005866114,9.23205861301249,0.03503287385491838,0.07386726670854138
11,264,76.0,10.115484114142776,"262,266",10.13758368308999,10.139447441761034,-0.022099568947213655,-0.023963327618258035
11,286,12.0,10.993973883761504,"284,288",10.976964992980985,11.008439283123936,0.01700889078051837,-0.014465399362432407
11,308,3.0,11.924232945248418,"306,310",11.83087638823632,11.838888079476728,0.09335655701209866,0.08534486577168998
11,330,2.0,12.688649243508747,328,12.565750126194358,12.565750126194358,0.12289911731438963,0.12289911731438963
13,26,1822495.0,0.8085228233939964,"24,28",0.7641573098348402,0.749234439743295,0.04436551355915619,0.05928838365070144
13,52,593127.0,1.7912952450048103,"50,54",1.7992430909930373,1.807077452346792,-0.007947845988226954,-0.01578220734198177
13,78,377701.0,2.7879235565082614,"76,80",2.821102991742432,2.8225633068595704,-0.03317943523417055,-0.03463975035130895
13,104,55414.0,3.842275719520388,"102,106",3.8262499585087086,3.8020745408586603,0.016025761011679407,0.04020117866172779
13,130,22892.0,4.835165434581119,"128,132",4.878019782819367,4.901318468834527,-0.042854348238248186,-0.06615303425340802
13,156,9866.0,5.885034434268861,"154,158",5.865479361817339,5.844226245666389,0.01955507245152166,0.040808188602471596
13,182,1661.0,6.966859964726044,"180,184",6.869349341114745,6.83694326686022,0.09751062361129925,0.12991669786582438
13,208,502.0,7.836437026764219,"206,210",7.925970364362353,7.963205406323899,-0.08953333759813376,-0.1267683795596799
13,234,251.0,8.950283020191064,"232,236",8.93957274690123,8.932538210675208,0.010710273289832983,0.017744809515855664
13,260,58.0,9.975955911486516,"258,262",9.953347101938991,9.916946011384919,0.02260880954752409,0.05900990010159646
13,286,12.0,10.993973883761504,"284,288",10.976964992980985,11.008439283123936,0.01700889078051837,-0.014465399362432407
13,312,11.0,12.050000469574089,"310,314",12.0164842152105,12.00387281456489,0.033516254363588516,0.04612765500919913
13,338,1.0,13.09122753923409,"336,340",13.060436574986081,13.060436574986081,0.03079096424800909,0.03079096424800909
